{
  "cell_count": 45,
  "display_names": {
    "official_raw_skip": "official raw skip",
    "raw_damage": "damage clock",
    "raw_raw": "raw clock",
    "raw_shared_logsnr": "shared logSNR",
    "raw_shared_sigma": "shared sigma"
  },
  "effective_nfe": {
    "official_raw_skip": {
      "2": [
        2
      ],
      "4": [
        2
      ],
      "8": [
        2
      ]
    },
    "raw_damage": {
      "2": [
        2
      ],
      "4": [
        3
      ],
      "8": [
        4
      ]
    },
    "raw_raw": {
      "2": [
        2
      ],
      "4": [
        4
      ],
      "8": [
        8
      ]
    },
    "raw_shared_logsnr": {
      "2": [
        2
      ],
      "4": [
        4
      ],
      "8": [
        8
      ]
    },
    "raw_shared_sigma": {
      "2": [
        2
      ],
      "4": [
        2
      ],
      "8": [
        3
      ]
    }
  },
  "mean_fid": {
    "official_raw_skip": {
      "2": {
        "mean": 45.67626787997508,
        "std": 0.4411076975186237,
        "values": [
          45.44536737798063,
          46.184897122583266,
          45.39853913936133
        ]
      },
      "4": {
        "mean": 45.67626787997508,
        "std": 0.4411076975186237,
        "values": [
          45.44536737798063,
          46.184897122583266,
          45.39853913936133
        ]
      },
      "8": {
        "mean": 45.67626787997508,
        "std": 0.4411076975186237,
        "values": [
          45.44536737798063,
          46.184897122583266,
          45.39853913936133
        ]
      }
    },
    "raw_damage": {
      "2": {
        "mean": 50.10984303751883,
        "std": 1.231282906527429,
        "values": [
          50.15228463212043,
          48.85788805722302,
          51.31935642321304
        ]
      },
      "4": {
        "mean": 49.59872964933885,
        "std": 0.20116158538882925,
        "values": [
          49.367035062963055,
          49.72886670876903,
          49.70028717628446
        ]
      },
      "8": {
        "mean": 50.20529917359945,
        "std": 0.4510528997018703,
        "values": [
          50.229703598076355,
          50.64365443425311,
          49.74253948846888
        ]
      }
    },
    "raw_raw": {
      "2": {
        "mean": 49.85533703013798,
        "std": 1.0551563418790226,
        "values": [
          49.81613059814333,
          48.82033034310234,
          50.92955014916828
        ]
      },
      "4": {
        "mean": 50.00589885705951,
        "std": 0.2705640324548118,
        "values": [
          49.88877420272917,
          50.31529231699972,
          49.81363005144965
        ]
      },
      "8": {
        "mean": 49.197282466422166,
        "std": 0.7003268076300377,
        "values": [
          48.943027371211656,
          49.98922081222861,
          48.65959921582623
        ]
      }
    },
    "raw_shared_logsnr": {
      "2": {
        "mean": 49.85533703013798,
        "std": 1.0551563418790226,
        "values": [
          49.81613059814333,
          48.82033034310234,
          50.92955014916828
        ]
      },
      "4": {
        "mean": 50.00589885705951,
        "std": 0.2705640324548118,
        "values": [
          49.88877420272917,
          50.31529231699972,
          49.81363005144965
        ]
      },
      "8": {
        "mean": 49.197282466422166,
        "std": 0.7003268076300377,
        "values": [
          48.943027371211656,
          49.98922081222861,
          48.65959921582623
        ]
      }
    },
    "raw_shared_sigma": {
      "2": {
        "mean": 49.83663901899197,
        "std": 0.9693930996520183,
        "values": [
          49.98014830432146,
          48.803491222918524,
          50.72627752973591
        ]
      },
      "4": {
        "mean": 49.83663901899197,
        "std": 0.9693930996520183,
        "values": [
          49.98014830432146,
          48.803491222918524,
          50.72627752973591
        ]
      },
      "8": {
        "mean": 49.91989578309616,
        "std": 0.375676829650277,
        "values": [
          50.29780688511073,
          49.54649381828074,
          49.915386645897
        ]
      }
    }
  },
  "mode": "sample_evaluate_only_non_submission",
  "nominal_nfe": [
    2,
    4,
    8
  ],
  "paired_delta_fid_vs_official_raw_skip": {
    "raw_damage": {
      "2": {
        "mean": 4.4335751575437525,
        "std": 1.64107614844269,
        "values": [
          4.706917254139796,
          2.6729909346397562,
          5.920817283851704
        ]
      },
      "4": {
        "mean": 3.9224617693637733,
        "std": 0.3788898494654914,
        "values": [
          3.921667684982424,
          3.543969586185767,
          4.301748036923129
        ]
      },
      "8": {
        "mean": 4.529031293624371,
        "std": 0.22842448254190822,
        "values": [
          4.7843362200957245,
          4.458757311669842,
          4.344000349107546
        ]
      }
    },
    "raw_raw": {
      "2": {
        "mean": 4.179069150162907,
        "std": 1.4572757617586045,
        "values": [
          4.370763220162701,
          2.635433220519076,
          5.531011009806946
        ]
      },
      "4": {
        "mean": 4.329630977084435,
        "std": 0.1731231369544183,
        "values": [
          4.443406824748536,
          4.130395194416451,
          4.415090912088317
        ]
      },
      "8": {
        "mean": 3.5210145864470896,
        "std": 0.27238376625578,
        "values": [
          3.497659993231025,
          3.8043236896453436,
          3.2610600764649007
        ]
      }
    },
    "raw_shared_logsnr": {
      "2": {
        "mean": 4.179069150162907,
        "std": 1.4572757617586045,
        "values": [
          4.370763220162701,
          2.635433220519076,
          5.531011009806946
        ]
      },
      "4": {
        "mean": 4.329630977084435,
        "std": 0.1731231369544183,
        "values": [
          4.443406824748536,
          4.130395194416451,
          4.415090912088317
        ]
      },
      "8": {
        "mean": 3.5210145864470896,
        "std": 0.27238376625578,
        "values": [
          3.497659993231025,
          3.8043236896453436,
          3.2610600764649007
        ]
      }
    },
    "raw_shared_sigma": {
      "2": {
        "mean": 4.160371139016888,
        "std": 1.392839801519231,
        "values": [
          4.534780926340829,
          2.618594100335258,
          5.327738390374577
        ]
      },
      "4": {
        "mean": 4.160371139016888,
        "std": 1.392839801519231,
        "values": [
          4.534780926340829,
          2.618594100335258,
          5.327738390374577
        ]
      },
      "8": {
        "mean": 4.24362790312108,
        "std": 0.7820740283806928,
        "values": [
          4.8524395071301,
          3.3615966956974717,
          4.516847506535669
        ]
      }
    }
  },
  "paired_delta_fid_vs_raw_raw": {
    "official_raw_skip": {
      "2": {
        "mean": -4.179069150162907,
        "std": 1.4572757617586045,
        "values": [
          -4.370763220162701,
          -2.635433220519076,
          -5.531011009806946
        ]
      },
      "4": {
        "mean": -4.329630977084435,
        "std": 0.1731231369544183,
        "values": [
          -4.443406824748536,
          -4.130395194416451,
          -4.415090912088317
        ]
      },
      "8": {
        "mean": -3.5210145864470896,
        "std": 0.27238376625578,
        "values": [
          -3.497659993231025,
          -3.8043236896453436,
          -3.2610600764649007
        ]
      }
    },
    "raw_damage": {
      "2": {
        "mean": 0.2545060073808448,
        "std": 0.18978820347282718,
        "values": [
          0.3361540339770954,
          0.03755771412068043,
          0.38980627404475854
        ]
      },
      "4": {
        "mean": -0.40716920772066106,
        "std": 0.25650832360345394,